{
    "version": 1,
    "author": "Uri Shaked",
    "editor": "wokwi",
    "parts": [
      { "type": "board-esp32-devkit-c-v4", "id": "esp", "top": 9.6, "left": -91.16, "attrs": {} },
      { "type": "wokwi-hc-sr04", "id": "ultrasonic1", "top": -17.7, "left": 63.1, "attrs": {} }
    ],
    "connections": [
      [ "esp:TX", "$serialMonitor:RX", "", [] ],
      [ "esp:RX", "$serialMonitor:TX", "", [] ],
      [ "ultrasonic1:GND", "esp:GND.3", "black", [ "v0" ] ],
      [ "ultrasonic1:ECHO", "esp:18", "green", [ "v0" ] ],
      [ "ultrasonic1:TRIG", "esp:5", "green", [ "v0" ] ],
      [ "ultrasonic1:VCC", "esp:5V", "red", [ "v172.8", "h-220.95" ] ]
    ],
    "dependencies": {}
  }