{
  "version": 1,
  "author": "Anonymous maker",
  "editor": "wokwi",
  "parts": [
    {
      "type": "board-esp32-devkit-c-v4",
      "id": "esp",
      "top": 9.6,
      "left": -148.76,
      "attrs": { "builder": "esp-idf" }
    },
    { "type": "wokwi-led", "id": "led1", "top": 25.2, "left": 128.6, "attrs": { "color": "red" } },
    {
      "type": "wokwi-led",
      "id": "led2",
      "top": 25.2,
      "left": 167,
      "attrs": { "color": "yellow" }
    },
    { "type": "wokwi-led", "id": "led3", "top": 25.2, "left": 215, "attrs": { "color": "green" } },
    {
      "type": "wokwi-resistor",
      "id": "r1",
      "top": 90.35,
      "left": -19.2,
      "attrs": { "value": "1000" }
    },
    {
      "type": "wokwi-resistor",
      "id": "r2",
      "top": 119.15,
      "left": -19.2,
      "attrs": { "value": "1000" }
    },
    {
      "type": "wokwi-resistor",
      "id": "r3",
      "top": 147.95,
      "left": -19.2,
      "attrs": { "value": "1000" }
    }
  ],
  "connections": [
    [ "esp:TX", "$serialMonitor:RX", "", [] ],
    [ "esp:RX", "$serialMonitor:TX", "", [] ],
    [ "esp:19", "r1:1", "green", [ "h0" ] ],
    [ "esp:5", "r2:1", "green", [ "h28.8" ] ],
    [ "esp:4", "r3:1", "green", [ "h0" ] ],
    [ "esp:D0", "led1:C", "green", [ "h0" ] ],
    [ "led2:C", "esp:D0", "green", [ "v0" ] ],
    [ "led3:C", "esp:D0", "green", [ "v0" ] ],
    [ "r1:2", "led1:A", "green", [ "v0" ] ],
    [ "led2:A", "r2:2", "green", [ "v0" ] ],
    [ "led3:A", "r3:2", "green", [ "v0" ] ]
  ],
  "dependencies": {}
}