{
    "version": 1,
    "author": "Anonymous maker",
    "editor": "wokwi",
    "parts": [
      { "type": "board-esp32-devkit-c-v4", "id": "esp", "top": -9.6, "left": -110.36, "attrs": {} },
      { "type": "wokwi-relay-module", "id": "relay1", "top": -57.4, "left": 105.6, "attrs": {} },
      {
        "type": "wokwi-pushbutton",
        "id": "btn1",
        "top": 111.8,
        "left": 153.6,
        "attrs": { "color": "green", "xray": "1" }
      },
      { "type": "wokwi-led", "id": "led1", "top": 140.4, "left": 42.2, "attrs": { "color": "red" } }
    ],
    "connections": [
      [ "esp:TX", "$serialMonitor:RX", "", [] ],
      [ "esp:RX", "$serialMonitor:TX", "", [] ],
      [ "relay1:VCC", "esp:3V3", "red", [ "h0" ] ],
      [ "relay1:GND", "esp:GND.2", "black", [ "h0" ] ],
      [ "esp:23", "relay1:IN", "green", [ "h0" ] ],
      [ "led1:C", "esp:23", "green", [ "h-57.2", "v-192" ] ],
      [ "btn1:2.l", "esp:23", "green", [ "h-48", "v9.8" ] ],
      [ "btn1:1.l", "esp:GND.3", "green", [ "v-48", "h-163.2" ] ],
      [ "led1:A", "esp:19", "green", [ "h28.8", "v-96" ] ]
    ],
    "dependencies": {}
  }