{
    "version": 1,
    "author": "Anonymous maker",
    "editor": "wokwi",
    "parts": [
      { "type": "board-esp32-devkit-c-v4", "id": "esp", "top": 28.8, "left": 62.44, "attrs": {} },
      { "type": "wokwi-led", "id": "led1", "top": 6, "left": -82.6, "attrs": { "color": "yellow" } },
      {
        "type": "wokwi-led",
        "id": "led2",
        "top": 73.2,
        "left": -121,
        "attrs": { "color": "green" }
      }
    ],
    "connections": [
      [ "esp:TX", "$serialMonitor:RX", "", [] ],
      [ "esp:RX", "$serialMonitor:TX", "", [] ],
      [ "esp:33", "led1:A", "green", [ "h0" ] ],
      [ "esp:GND.1", "led1:C", "green", [ "h0" ] ],
      [ "led2:A", "esp:25", "green", [ "v0" ] ],
      [ "led2:C", "esp:GND.1", "green", [ "v0" ] ]
    ],
    "dependencies": {}
  }