{
    "version": 1,
    "author": "Uri Shaked",
    "editor": "wokwi",
    "parts": [
      { "type": "board-esp32-devkit-c-v4", "id": "esp", "top": 57.6, "left": 4.84, "attrs": {} },
      { "type": "wokwi-dht22", "id": "dht1", "top": -9.3, "left": -139.8, "attrs": {} }
    ],
    "connections": [
      [ "esp:TX", "$serialMonitor:RX", "", [] ],
      [ "esp:RX", "$serialMonitor:TX", "", [] ],
      [ "dht1:VCC", "esp:3V3", "red", [ "v19.2", "h105.6", "v-38.4" ] ],
      [ "dht1:SDA", "esp:27", "green", [ "v0" ] ],
      [ "dht1:GND", "esp:GND.1", "black", [ "v105.6", "h105.6" ] ]
    ],
    "dependencies": {}
  }